age,gender,chest_pain_type,resting_bp,cholesterol,fasting_bs,resting_ecg,max_heart_rate,exercise_angina,oldpeak,st_slope,bmi,smoking,target
67,0,0,148,230,0,1,155,0,0.2,1,25.6,1,0
57,0,2,139,197,0,1,136,0,1.8,2,29.1,0,0
43,0,0,134,204,0,0,198,0,0.8,1,28.9,0,0
71,1,0,156,355,0,0,147,1,0.9,1,27.0,0,1
36,0,0,136,237,0,1,190,0,0.2,2,22.5,0,0
49,1,0,120,177,0,1,169,1,0.1,1,27.4,0,0
67,0,3,135,157,0,1,152,1,0.6,1,36.8,1,0
47,1,1,127,214,0,1,175,0,1.0,2,25.5,1,0
51,0,3,139,236,0,0,169,1,0.1,1,32.7,0,0
39,0,1,144,293,0,1,174,0,3.0,0,27.7,0,0
39,0,0,116,288,0,0,177,0,3.9,1,23.5,1,0
52,1,0,151,245,1,0,174,0,0.8,0,26.0,1,0
64,1,1,126,223,1,1,166,0,3.0,2,27.4,1,1
68,0,0,138,262,0,1,156,0,0.2,2,30.8,0,0
52,1,2,141,158,0,0,177,1,0.0,2,39.4,1,0
31,0,2,137,345,0,1,178,1,0.0,1,27.8,1,0
50,0,0,129,278,0,0,202,0,0.9,0,21.3,0,0
30,1,3,122,289,0,0,202,0,0.1,1,19.2,0,0
52,0,2,126,192,0,1,179,0,3.2,2,25.4,0,0
72,1,2,157,310,1,0,123,1,0.2,0,21.9,0,1
58,0,0,116,222,0,0,172,0,0.4,1,30.3,0,0
66,0,0,118,198,0,0,152,1,1.7,2,30.3,0,0
30,1,1,118,244,0,1,171,1,0.2,1,26.8,0,0
49,1,0,133,242,0,0,165,0,0.3,1,30.8,1,0
61,0,0,105,192,1,0,148,0,1.0,1,27.8,0,0
40,1,2,107,201,0,1,185,1,0.3,2,36.8,0,0
50,1,0,126,197,0,1,194,0,0.2,1,30.6,1,0
72,1,1,109,197,1,0,164,1,0.3,2,32.0,0,0
53,1,3,110,226,0,1,202,1,0.7,1,20.3,1,0
77,1,2,109,176,0,0,125,0,3.4,2,21.6,0,1
55,1,0,116,211,0,2,158,0,1.8,0,29.9,0,0
70,1,2,143,298,0,0,139,1,0.3,0,19.8,1,1
56,0,0,147,287,1,0,183,0,0.5,2,24.4,0,0
44,1,0,163,193,0,0,171,0,0.6,2,33.4,0,0
43,1,1,163,293,0,0,178,0,3.9,1,24.3,0,1
75,1,0,144,147,0,1,159,1,0.2,2,21.5,0,0
72,1,0,148,367,0,0,130,0,0.4,2,30.8,1,1
31,1,1,133,311,0,0,175,0,1.3,0,37.9,0,0
65,1,0,139,218,0,1,172,1,3.3,1,23.5,0,0
35,0,0,164,265,0,1,173,0,0.2,2,33.6,1,0
49,1,1,137,175,0,0,145,0,0.3,1,22.8,0,0
37,0,2,150,249,0,0,166,0,0.3,1,26.9,0,0
67,0,1,115,236,0,0,152,1,0.0,2,27.2,0,0
46,1,0,119,204,0,0,175,1,0.9,1,23.6,1,0
32,0,0,136,222,0,0,183,0,1.1,0,31.9,0,0
53,0,0,133,217,0,1,158,0,0.9,2,19.8,0,0
42,1,0,120,189,0,1,190,0,0.1,1,28.5,0,0
37,1,2,171,203,0,0,178,0,0.1,2,32.9,1,0
54,0,0,133,173,0,0,169,0,0.2,2,31.5,0,0
30,0,0,123,288,0,0,177,1,0.3,0,30.0,0,0
48,1,2,133,199,0,0,194,0,1.5,0,35.4,1,0
56,0,1,131,184,0,0,159,0,0.2,1,26.4,0,0
75,0,1,134,288,1,1,151,1,0.0,1,19.9,0,0
35,0,0,103,264,1,1,197,0,0.5,1,28.2,1,0
72,0,0,152,286,0,2,156,0,0.5,1,26.9,1,0
36,0,0,153,291,0,1,185,0,0.6,1,18.5,0,0
75,1,0,155,342,1,0,120,1,1.8,1,21.9,0,1
63,1,2,136,238,1,1,169,0,0.1,1,21.2,0,0
42,1,2,142,173,1,0,177,0,1.2,1,23.4,1,0
45,0,2,116,259,0,0,182,1,0.4,1,25.7,0,0
64,1,2,145,212,0,1,161,1,0.4,0,25.9,0,0
68,1,0,135,198,0,0,147,1,2.7,1,23.6,1,1
32,0,2,123,250,0,1,197,0,0.3,0,21.2,0,0
30,1,0,145,289,0,0,188,0,1.0,1,29.4,1,0
34,0,1,146,204,0,1,163,0,0.3,2,28.1,0,0
70,0,1,132,309,0,1,173,1,0.7,0,28.2,0,0
32,1,0,138,196,0,1,162,0,1.5,1,36.4,0,0
57,1,0,113,233,0,1,177,0,2.1,1,28.3,1,0
46,1,3,152,265,0,0,195,1,1.8,0,25.7,0,0
54,1,0,115,226,0,1,150,0,0.9,0,27.0,0,0
72,1,0,119,157,1,1,150,0,0.3,2,28.0,0,0
62,1,0,132,292,1,1,157,0,1.1,1,30.6,0,0
38,1,2,149,214,1,1,177,1,1.2,2,27.3,1,0
64,1,1,149,283,0,1,186,1,0.0,1,18.5,0,0
42,1,2,130,182,0,1,159,0,0.6,1,25.3,0,0
59,1,0,144,191,1,1,158,1,1.9,1,27.5,0,0
76,1,1,102,289,0,1,171,1,0.7,1,34.0,0,0
43,1,0,118,263,0,1,170,0,0.4,1,23.6,0,0
36,0,2,119,224,1,0,167,0,2.1,1,19.3,1,0
42,0,1,152,263,0,0,180,1,0.2,1,27.8,0,0
51,1,0,142,198,0,0,181,1,0.2,0,31.8,0,0
68,0,0,134,251,0,0,149,1,1.2,1,25.5,0,0
49,1,0,135,252,0,0,179,0,0.4,1,39.4,0,0
44,0,0,157,227,0,1,154,1,1.2,1,38.2,0,0
73,1,0,128,204,1,0,131,1,0.2,1,27.1,1,1
46,0,1,108,249,0,0,166,0,0.3,2,28.4,0,0
75,0,1,149,243,0,1,158,1,0.2,1,34.3,1,0
52,0,0,134,222,0,1,179,1,3.1,0,27.1,0,0
54,0,0,147,194,1,1,149,1,0.5,1,23.5,1,0
53,1,0,130,246,1,2,178,1,0.4,2,31.9,1,0
73,1,2,116,222,1,1,154,1,0.0,0,29.8,0,0
69,0,0,137,194,1,0,141,1,0.2,1,23.5,0,0
57,1,2,131,248,0,1,144,0,0.5,1,28.9,0,0
43,0,2,134,326,0,1,179,1,0.1,0,26.7,0,0
73,1,1,158,227,0,0,170,0,0.7,1,25.6,0,0
29,1,2,112,320,0,0,187,0,0.6,1,23.6,1,0
53,1,0,135,351,0,1,153,0,1.5,2,28.1,0,1
35,1,3,117,198,1,0,153,1,1.1,1,26.2,0,0
37,1,0,94,246,0,1,202,1,0.6,1,28.9,0,0
52,1,0,130,351,0,0,184,0,0.3,1,31.6,0,0
29,1,2,131,239,0,1,191,0,1.3,1,28.7,0,0
72,1,3,141,247,0,1,174,1,1.2,1,28.7,0,1
36,1,2,127,162,0,0,184,1,0.2,0,24.8,1,0
52,0,0,105,219,0,0,160,0,2.5,1,33.4,0,0
39,1,0,117,273,0,1,187,1,0.1,0,23.3,1,0
45,1,3,153,367,0,1,161,1,0.1,1,19.4,0,1
36,1,0,116,236,0,1,166,0,0.2,0,22.1,0,0
63,0,2,157,162,0,0,171,1,2.4,1,32.7,0,0
63,1,2,148,175,1,1,172,1,0.7,1,29.8,0,0
61,0,1,125,244,0,0,142,0,1.6,2,34.1,0,0
33,0,0,118,304,1,0,165,0,0.3,1,20.9,0,0
70,1,0,148,277,0,0,147,0,0.7,1,39.1,1,1
67,1,0,126,269,0,1,145,0,0.4,2,26.1,0,0
69,1,2,104,311,1,0,161,0,1.8,1,18.7,0,1
56,1,0,140,209,0,0,165,1,0.0,2,38.5,0,0
35,1,2,138,246,0,1,199,0,0.3,0,20.9,0,0
37,0,0,150,219,0,1,185,1,0.2,1,25.5,1,0
36,1,3,136,232,0,0,171,1,2.0,1,26.5,0,0
40,1,0,121,195,0,0,149,0,0.6,2,29.7,1,0
62,1,0,152,228,0,0,163,0,0.5,1,23.5,0,0
61,0,0,154,244,0,0,135,0,0.6,2,32.7,1,0
76,1,2,134,227,0,1,139,0,3.6,1,31.3,1,1
51,1,2,132,237,0,0,158,1,1.9,2,27.6,0,1
52,0,2,108,266,0,1,160,0,1.2,1,34.1,0,0
65,0,0,120,307,0,1,138,0,0.3,1,27.2,0,0
63,1,0,143,311,1,0,148,0,0.2,2,26.1,0,1
72,0,1,121,284,1,2,169,0,2.5,2,37.5,0,1
68,0,0,106,183,1,0,172,1,0.6,1,29.0,0,0
50,1,0,190,227,0,0,192,0,0.3,0,22.6,0,0
55,1,3,106,232,0,0,166,1,0.6,0,23.2,0,0
63,1,3,169,213,0,0,163,0,2.5,1,27.6,0,1
29,1,3,125,263,0,0,202,0,0.5,0,18.5,0,0
63,0,2,129,166,0,0,137,0,0.8,1,24.3,1,0
65,0,0,119,330,0,1,170,0,1.6,1,27.0,0,0
75,1,0,144,305,0,1,169,1,0.6,2,26.7,1,1
42,1,1,106,269,0,1,163,1,0.3,0,21.2,0,0
31,1,2,99,242,0,0,202,0,5.2,1,25.3,0,0
29,1,0,158,307,0,1,202,0,3.1,1,33.4,0,0
33,0,0,117,280,0,1,195,0,1.9,1,32.4,0,0
54,1,0,143,301,0,1,175,0,1.2,1,28.0,0,0
42,1,1,112,243,0,1,159,0,0.3,1,27.2,0,0
67,1,2,143,335,0,1,172,0,2.4,1,26.7,0,1
55,1,2,159,304,1,0,150,0,0.3,2,28.7,0,1
37,1,0,122,271,0,1,185,0,1.6,1,28.0,0,0
43,0,3,98,308,0,0,182,0,2.5,2,29.1,0,0
43,1,2,159,225,0,2,126,0,0.9,2,30.0,0,0
54,0,0,146,187,1,0,172,0,1.6,2,21.4,1,0
70,1,0,122,262,0,0,193,1,1.6,0,25.9,0,0
41,1,0,127,243,0,0,145,0,0.2,1,28.5,0,0
60,1,0,112,236,1,1,161,0,1.1,1,22.7,0,0
67,0,3,155,306,0,0,127,1,0.1,1,24.1,0,1
77,0,0,121,254,1,0,134,0,0.7,1,26.4,0,0
60,1,2,106,259,1,1,133,1,0.2,1,26.7,0,1
32,1,0,134,229,1,1,186,0,0.5,1,28.6,0,0
58,0,0,116,290,1,0,175,0,1.8,1,23.3,0,0
65,1,0,113,281,0,0,164,0,4.4,1,32.3,1,1
51,1,0,123,289,1,1,155,0,0.4,2,26.6,0,0
67,0,1,132,221,0,1,147,0,0.8,1,28.2,0,0
73,1,2,107,311,1,1,155,0,0.7,1,25.7,1,1
43,1,1,154,337,0,1,162,0,3.1,1,28.7,1,1
71,1,1,142,288,1,0,133,1,0.7,2,35.9,1,1
57,1,0,124,205,0,1,160,1,1.2,1,25.6,0,0
64,1,0,115,205,1,1,144,0,2.5,1,24.8,0,0
41,0,0,129,227,0,1,183,0,0.5,0,23.3,0,0
60,1,1,146,217,0,0,181,0,2.3,1,27.2,0,0
35,1,0,143,242,1,1,202,0,2.5,1,27.1,1,0
50,1,0,148,277,0,1,175,0,2.7,2,27.8,1,1
56,1,1,122,260,1,0,174,0,0.3,2,29.8,0,0
30,0,0,94,256,0,1,177,0,0.5,2,29.2,0,0
70,1,0,152,233,1,1,145,1,2.0,2,27.4,1,1
73,1,0,128,242,0,1,170,0,0.4,1,37.3,0,0
34,0,2,142,285,0,1,178,0,0.9,2,31.0,0,0
56,1,2,159,145,0,1,166,0,0.1,1,22.1,0,0
56,1,1,172,245,0,1,183,1,0.1,1,19.8,0,0
72,1,0,119,260,0,0,148,1,0.5,1,24.0,0,0
72,1,3,133,285,1,0,174,1,0.9,0,28.3,1,1
48,1,2,154,195,0,0,180,1,0.5,1,23.6,1,0
58,1,0,116,192,0,1,170,1,0.9,1,24.4,0,0
39,0,2,121,275,1,1,169,1,0.7,1,27.6,0,0
56,1,0,121,150,1,1,172,0,1.2,2,25.8,0,0
53,1,1,130,312,1,1,161,0,1.0,0,18.5,1,0
67,1,1,127,257,0,1,163,1,0.6,1,32.9,0,0
61,1,0,120,323,0,2,159,1,0.6,2,31.7,1,1
29,0,3,114,191,1,0,201,0,0.2,1,21.1,1,0
55,1,2,144,224,0,1,165,0,0.7,2,27.8,0,0
41,1,1,153,126,0,0,202,1,0.9,1,21.9,0,0
69,0,0,156,206,0,1,150,0,0.6,2,24.5,1,0
31,1,0,122,236,0,1,177,0,0.4,1,29.9,1,0
67,1,0,145,147,0,1,161,0,1.3,0,31.6,0,0
34,1,2,135,226,0,0,198,0,0.1,1,31.4,0,0
36,1,0,121,146,0,0,197,0,2.5,0,28.7,0,0
55,0,1,143,233,0,1,168,1,0.0,2,33.9,0,0
37,1,2,120,303,1,1,185,0,3.3,0,24.4,0,0
65,1,0,124,244,0,0,163,0,0.6,1,25.6,1,0
61,1,2,107,328,0,1,145,0,0.5,1,18.5,1,0
70,0,0,123,285,0,0,169,1,0.3,2,27.0,0,0
72,1,3,135,313,1,1,133,1,0.0,1,30.4,1,1
52,0,1,157,207,0,1,152,0,0.3,2,28.9,0,0
43,1,0,124,206,0,1,176,1,0.1,0,24.4,0,0
60,0,0,113,263,0,1,157,0,1.1,0,31.7,0,0
60,0,0,156,167,0,1,173,1,0.4,1,27.1,0,0
52,0,2,122,269,0,1,175,1,1.5,2,31.3,0,0
69,0,2,101,229,0,0,156,1,0.2,2,29.9,1,0
77,1,1,133,312,0,0,131,1,2.3,0,34.6,0,1
77,1,0,125,279,1,0,148,1,0.7,0,29.2,1,1
40,1,0,170,300,1,1,177,0,0.1,2,30.5,0,0
67,1,0,139,208,0,0,159,0,0.5,0,27.1,0,0
30,1,1,128,298,1,0,179,0,0.2,0,25.0,1,0
31,1,2,115,318,0,0,193,1,0.2,0,30.0,0,0
77,1,0,136,244,1,0,143,0,0.7,0,35.0,1,0
65,1,0,155,209,0,0,164,0,1.1,1,24.4,1,0
77,0,1,136,209,1,1,160,0,2.4,0,26.3,0,0
45,1,2,116,307,0,1,165,0,0.7,1,27.6,1,0
77,0,2,140,380,1,1,136,0,3.4,2,30.9,1,1
30,0,2,130,196,0,1,193,0,2.8,1,29.2,0,0
30,0,0,138,193,0,0,166,0,2.0,2,32.1,0,0
56,1,0,124,292,1,1,181,1,0.7,0,37.4,1,0
51,0,2,124,208,0,0,169,0,0.2,1,24.3,0,0
65,0,2,123,296,0,0,156,1,0.2,1,30.5,0,0
60,0,0,147,269,0,1,170,0,1.0,2,29.1,1,0
61,1,2,124,244,0,0,168,0,0.5,0,27.6,1,0
29,1,2,123,268,0,1,186,0,0.2,2,30.5,0,0
47,1,1,114,265,0,0,185,0,0.7,1,26.2,0,0
30,1,2,138,237,0,1,175,1,0.0,1,29.1,0,0
72,1,0,136,158,1,1,163,1,1.3,2,21.0,1,0
54,0,1,123,254,0,0,150,1,0.1,1,24.8,0,0
60,0,1,118,324,0,1,169,0,1.0,1,32.7,0,0
34,1,2,162,165,0,0,177,0,1.6,2,32.5,1,0
60,0,2,99,197,1,1,142,0,0.1,1,28.8,1,0
32,1,2,139,267,0,0,188,0,0.7,0,25.2,0,0
39,0,0,152,247,0,1,178,0,1.5,2,31.6,0,0
45,0,2,94,266,0,1,150,0,0.3,1,33.7,0,0
66,1,2,144,211,0,0,125,0,0.2,2,25.4,0,0
52,1,2,127,304,0,1,166,0,0.4,0,20.2,0,0
33,0,2,135,248,0,1,202,0,0.8,2,29.7,0,0
62,1,2,125,280,0,1,165,1,0.9,1,32.1,1,1
34,1,0,149,262,0,1,172,0,0.1,2,30.4,1,0
50,0,1,137,254,0,0,186,0,0.6,1,35.3,0,0
39,1,0,133,277,0,1,192,1,0.3,0,35.3,0,0
76,0,0,115,255,1,0,168,0,1.8,1,26.0,0,0
44,1,1,162,186,1,0,185,0,0.4,0,28.5,0,0
61,0,2,131,300,0,2,174,0,1.8,2,25.0,0,0
37,1,0,169,286,0,1,191,0,0.6,2,22.4,1,0
34,0,0,163,140,0,0,175,0,1.3,1,22.7,0,0
44,0,2,100,213,0,0,150,1,0.7,2,31.1,0,0
57,1,0,119,298,1,1,156,1,1.0,0,29.0,1,1
31,1,0,113,154,0,0,201,0,0.5,1,31.9,0,0
48,0,0,130,293,0,0,165,1,1.5,1,40.2,0,0
64,1,0,134,238,0,0,156,1,0.6,1,30.0,0,0
47,1,0,134,313,0,1,154,1,0.6,0,23.6,1,0
54,1,0,148,245,1,1,158,1,0.7,2,32.7,1,1
31,1,0,156,209,0,0,185,0,1.8,0,23.5,0,0
47,0,2,147,261,1,1,179,1,1.1,1,36.2,0,0
48,0,1,121,244,0,0,164,0,0.4,0,18.5,0,0
60,1,2,117,205,0,1,154,0,1.1,2,24.8,0,0
35,1,0,131,356,0,2,194,0,1.0,0,30.6,0,0
69,1,0,138,197,0,1,159,0,2.7,1,33.4,1,0
61,1,2,127,133,0,1,167,0,1.8,1,24.1,0,0
68,1,0,108,325,0,1,178,0,1.0,2,23.2,1,0
67,0,1,142,216,0,0,148,1,0.4,1,28.2,0,0
46,0,1,124,231,0,1,172,0,1.5,2,37.0,1,0
68,0,1,123,228,0,1,163,0,0.9,1,19.8,0,0
29,0,0,130,217,1,0,173,0,4.2,2,25.9,0,0
39,1,0,126,207,0,0,182,1,0.3,0,28.8,0,0
56,0,1,124,196,1,1,165,1,0.1,1,23.5,1,0
53,1,0,109,249,0,1,202,0,0.1,1,23.5,0,0
51,1,2,129,225,1,0,170,1,1.0,0,26.3,1,0
59,1,2,142,282,1,0,180,0,2.8,0,29.0,0,1
58,1,3,135,270,0,1,176,1,0.0,2,26.5,0,0
70,0,0,147,199,0,1,136,0,1.3,2,34.8,0,0
63,1,2,118,251,0,1,136,1,1.1,2,30.5,0,1
35,1,1,109,225,0,1,185,1,1.3,1,29.4,0,0
44,1,0,126,196,1,1,193,0,0.4,1,32.6,0,0
54,1,0,120,280,0,1,171,1,1.7,1,29.5,0,0
76,0,2,122,239,0,1,150,1,0.0,0,25.3,0,0
77,1,0,134,225,1,1,144,1,1.4,2,26.2,1,1
30,1,0,122,203,0,1,166,0,0.3,1,21.9,0,0
29,1,0,109,194,0,0,172,0,0.6,2,37.5,1,0
76,1,2,121,345,0,0,124,0,1.7,1,32.2,0,1
40,0,2,136,262,0,2,161,0,0.3,2,18.5,1,0
33,1,2,142,191,0,0,175,1,0.2,0,34.2,0,0
65,0,0,142,260,1,0,169,0,1.1,2,20.2,1,0
60,1,0,138,299,1,1,155,0,0.8,1,30.1,0,0
37,1,1,128,254,0,1,184,0,0.7,1,18.5,0,0
69,0,1,137,314,0,0,156,1,0.3,2,25.4,0,1
63,1,0,130,168,0,0,167,1,0.0,0,34.2,1,0
47,1,2,132,146,0,0,156,0,0.5,1,34.5,0,0
76,0,3,115,259,0,1,165,1,0.1,1,29.0,0,0
44,1,2,131,259,0,0,153,0,2.4,1,31.4,0,0
31,0,2,137,126,1,0,178,1,0.0,1,20.4,1,0
48,1,3,136,214,0,0,171,1,0.6,1,30.2,0,0
52,0,0,109,195,0,1,179,0,0.1,1,31.8,0,0
61,0,1,132,176,0,0,181,1,0.1,1,40.3,1,0
52,1,3,106,195,1,0,179,1,1.1,1,24.4,1,0
39,0,0,133,275,0,1,200,1,1.0,1,27.6,0,0
77,1,2,119,195,0,1,135,1,0.0,2,27.9,0,0
36,0,1,159,196,0,1,199,1,0.0,2,31.0,1,0
64,1,1,133,165,1,2,174,1,0.1,1,31.9,0,0
66,1,2,144,309,0,1,121,0,1.4,1,32.8,1,1
68,1,2,166,267,0,0,152,1,0.9,1,32.4,0,1
48,1,2,117,126,0,1,180,0,0.0,2,20.1,0,0
63,1,0,138,196,1,0,151,1,0.7,1,18.5,1,0
76,0,2,110,272,0,1,132,1,1.2,0,24.9,0,1
53,0,0,136,310,1,0,199,1,2.0,1,27.3,0,0
63,0,0,161,288,0,0,161,0,2.7,1,24.4,0,0
53,1,0,120,228,0,1,169,0,0.4,0,25.2,1,0
57,1,1,115,149,0,0,144,1,0.1,1,25.8,1,0
46,1,0,129,289,0,1,164,0,0.3,1,30.4,0,0
74,1,3,165,231,1,0,137,1,1.5,1,22.3,1,1
46,1,2,144,249,0,0,189,1,3.6,1,27.1,0,1
30,1,1,115,237,0,1,193,1,0.6,2,27.1,0,0
63,0,0,155,178,0,1,151,0,0.4,1,30.3,0,0
44,1,2,102,264,0,1,183,0,0.6,1,33.3,1,0
69,1,2,167,257,0,0,150,1,0.4,0,35.9,0,1
64,1,2,145,224,0,1,162,1,0.3,0,23.8,0,0
61,1,0,160,269,1,1,164,0,0.9,1,18.5,1,0
32,1,0,102,177,0,1,190,1,0.0,1,26.3,0,0
61,0,0,133,232,0,0,165,0,0.3,2,19.6,0,0
42,1,0,128,247,0,1,182,0,1.1,1,41.2,1,0
49,1,0,113,159,0,1,189,1,0.0,1,23.1,0,0
76,1,2,108,243,1,1,158,1,0.1,1,30.3,0,0
48,0,0,139,282,0,1,166,0,0.3,1,32.2,1,0
36,0,0,141,230,1,1,179,0,2.1,2,29.2,1,0
35,0,0,153,244,0,0,200,1,1.4,1,37.9,0,0
31,0,0,122,274,0,0,186,0,0.0,0,26.5,0,0
45,1,0,128,226,0,1,168,0,0.7,2,23.3,0,0
61,1,0,107,231,0,0,151,0,0.3,2,23.1,1,0
76,0,0,157,187,0,0,153,1,1.0,1,31.3,0,0
40,0,2,132,245,0,0,165,0,1.3,0,26.6,1,0
50,1,3,143,229,0,0,189,1,2.0,1,23.1,0,0
50,0,0,143,270,1,1,154,0,0.6,0,29.7,1,0
74,0,0,155,274,0,1,172,0,5.2,2,31.0,0,1
58,1,2,116,285,0,1,159,1,3.9,1,28.9,0,1
66,0,0,142,220,0,0,141,0,2.1,1,32.0,0,0
66,0,0,130,137,0,1,160,0,0.9,1,27.9,0,0
73,1,2,166,283,1,1,137,1,0.5,0,24.5,0,1
36,0,0,116,267,0,2,181,0,0.5,0,31.6,0,0
55,1,1,150,214,0,1,157,0,0.0,2,23.0,0,0
55,0,1,136,273,1,0,180,1,0.3,0,21.9,1,0
62,1,0,136,173,0,1,162,0,1.3,0,33.3,0,0
49,1,0,131,297,0,2,152,1,0.9,2,25.8,0,0
58,0,2,153,229,0,1,154,0,2.5,1,35.8,1,1
61,1,0,135,204,0,1,171,0,0.1,2,31.8,1,0
56,1,0,105,214,1,0,184,1,0.2,0,25.4,0,0
75,1,2,151,234,0,1,149,1,1.6,1,29.9,1,1
61,1,1,148,245,0,1,145,0,0.4,1,40.1,0,0
33,0,0,140,248,1,0,199,0,0.1,2,31.3,0,0
76,1,2,111,224,0,0,159,1,5.6,0,30.4,0,1
47,1,0,114,256,0,0,191,0,1.5,1,24.5,1,0
32,1,2,99,246,0,0,188,0,0.5,2,36.7,0,0
63,0,2,138,213,0,0,151,1,1.7,1,34.1,0,1
77,0,1,108,206,0,0,156,1,1.1,1,24.6,0,0
45,1,1,101,276,0,1,178,1,1.6,0,36.9,1,0
72,1,3,152,272,0,0,143,1,1.7,0,28.3,0,1
56,1,0,144,248,0,0,168,0,0.1,1,23.3,0,0
58,1,2,125,292,1,1,160,0,1.0,1,24.5,0,0
57,0,0,128,147,0,1,175,0,0.0,2,31.9,0,0
74,1,0,94,217,0,1,158,1,0.0,2,23.3,1,0
34,1,0,146,188,0,0,167,0,2.3,1,22.0,0,0
63,1,3,119,358,0,1,142,1,0.7,2,25.3,0,1
69,0,3,136,281,0,0,153,1,1.3,0,26.1,0,1
65,1,0,94,242,0,1,158,0,1.8,1,24.1,0,0
52,1,0,147,285,1,0,179,0,3.0,1,25.2,0,0
57,1,2,118,301,1,1,172,0,2.0,0,32.1,0,0
77,1,0,107,301,0,0,170,1,0.7,2,28.8,1,1
74,0,0,125,292,0,1,143,0,0.4,1,24.9,1,0
59,1,2,120,232,1,1,154,1,0.2,1,25.4,0,0
63,0,1,149,220,1,0,145,1,0.5,1,26.8,0,0
61,0,3,123,197,0,0,172,1,0.5,1,27.1,0,0
49,1,0,154,271,0,1,171,0,0.8,0,27.1,0,0
60,1,0,136,238,0,2,134,0,1.1,1,31.9,1,0
51,0,1,146,225,0,1,172,0,3.8,1,28.5,0,0
61,1,2,130,222,0,0,165,0,1.3,2,28.6,0,0
31,1,1,152,318,0,0,183,0,1.0,0,34.6,0,0
46,0,1,111,293,0,1,177,1,0.4,1,36.9,0,0
53,1,0,132,337,0,1,149,0,0.0,1,21.3,0,0
70,1,2,124,272,1,1,178,0,0.3,2,19.6,0,0
59,1,0,154,248,1,1,168,0,1.5,1,25.8,0,0
31,0,0,156,244,1,1,158,0,0.2,2,31.4,1,0
68,1,2,131,194,0,1,155,1,1.2,2,29.4,0,1
74,1,0,109,182,0,0,156,1,0.9,2,32.8,0,0
52,1,0,138,271,0,0,151,0,0.2,2,25.5,0,0
60,1,2,102,199,0,1,170,0,0.3,2,18.5,0,0
75,1,0,158,256,0,0,175,1,0.7,1,20.7,1,0
50,1,2,122,301,0,0,160,0,0.5,2,30.3,0,0
51,1,0,130,212,0,0,175,0,1.5,1,32.8,1,0
30,1,2,119,346,0,0,189,1,1.3,2,18.5,1,0
55,1,0,115,196,0,1,180,0,0.9,0,34.6,0,0
70,1,0,143,295,0,1,152,0,1.7,1,29.8,0,1
30,1,3,128,267,0,0,169,0,0.8,1,27.1,0,0
54,1,2,131,305,0,0,180,0,3.3,1,24.4,0,1
45,0,1,113,190,0,1,158,0,0.2,1,35.5,0,0
68,1,0,145,361,0,0,182,1,1.3,1,32.0,1,1
61,1,2,147,237,0,1,169,1,0.5,2,30.0,0,0
37,1,1,127,279,0,1,171,1,0.3,1,23.8,1,0
71,0,2,152,318,0,0,169,1,0.2,1,35.6,0,1
76,0,2,129,215,1,1,149,1,0.8,2,27.7,0,1
67,1,0,144,287,0,1,153,1,0.2,1,29.0,0,0
57,1,0,103,207,0,0,154,0,0.2,0,27.9,0,0
70,0,2,137,315,1,1,125,1,4.7,1,23.7,1,1
54,1,0,126,207,1,0,175,0,1.6,2,29.1,0,0
63,1,0,133,247,1,0,135,1,1.4,1,31.0,0,1
53,1,3,132,261,0,1,155,1,1.6,1,25.3,0,1
52,1,1,133,285,0,1,174,0,3.5,1,28.7,0,0
41,0,2,141,344,0,1,169,1,0.9,1,27.8,0,0
35,0,1,121,223,0,0,184,0,0.2,0,32.1,0,0
64,1,1,140,302,0,0,140,0,2.0,2,26.0,1,1
73,1,0,151,344,0,1,146,1,1.4,2,28.6,0,1
48,0,0,107,254,0,0,174,1,0.5,1,29.7,0,0
29,0,0,117,218,0,1,172,0,0.6,1,25.9,0,0
36,1,0,118,159,1,1,202,1,0.5,2,23.4,0,0
74,0,2,112,340,0,1,141,1,2.7,1,24.2,1,1
44,0,0,122,233,0,1,195,0,0.4,1,29.5,0,0
42,0,0,148,195,0,0,173,0,3.3,0,26.3,0,0
40,1,0,155,178,0,0,154,0,2.4,1,26.3,0,0
51,1,0,132,195,0,0,152,1,1.0,2,30.5,0,0
43,0,0,125,291,0,1,178,1,0.9,0,32.6,0,0
56,1,0,144,298,0,1,180,0,0.5,0,33.5,1,0
62,0,0,94,278,1,1,186,1,0.0,1,24.4,0,0
30,1,0,113,252,0,1,187,1,0.1,2,32.1,0,0
60,1,0,94,183,0,2,144,0,1.4,1,37.9,0,0
51,1,2,112,209,0,0,173,1,0.6,1,28.1,0,0
50,1,0,117,190,0,0,157,0,0.2,1,27.1,0,0
53,0,0,156,274,0,0,173,1,0.3,1,26.1,0,0
50,0,1,94,192,0,1,155,0,3.0,0,22.2,0,0
50,0,0,123,210,0,0,138,0,0.5,0,31.7,0,0
77,1,2,141,236,0,1,168,0,2.4,1,27.2,1,1
70,1,1,137,162,0,1,150,1,0.4,1,26.8,1,0
34,1,0,155,248,0,1,183,0,0.8,2,30.9,0,0
43,1,1,133,240,0,1,190,0,0.0,1,31.4,1,0
71,1,0,137,305,0,0,181,0,0.7,0,24.5,0,0
65,1,1,99,205,0,0,168,0,1.0,1,24.6,0,0
61,1,0,114,181,0,1,162,0,0.3,1,24.4,0,0
36,1,2,100,227,1,0,188,1,0.9,0,38.1,1,0
72,0,0,140,191,0,0,147,0,1.0,2,34.9,1,0
72,0,1,136,247,1,1,152,0,1.2,2,31.0,0,0
33,1,1,136,153,0,0,185,0,1.5,1,25.6,1,0
67,1,0,116,215,0,1,144,1,0.4,1,26.2,0,0
32,0,0,114,199,0,1,184,0,0.8,0,29.3,1,0
34,1,2,134,274,0,0,188,0,4.0,1,38.5,0,1
73,0,2,119,205,0,1,159,1,2.3,1,28.9,0,1
60,0,0,113,159,0,0,168,1,3.1,1,30.0,1,0
58,1,2,122,235,0,1,143,1,0.5,2,18.5,1,1
75,1,3,119,261,1,0,168,0,1.5,0,28.8,0,0
63,1,2,116,232,0,1,176,1,1.0,1,20.5,0,0
68,1,0,110,215,0,0,154,0,0.1,2,25.1,1,0
44,1,2,138,212,0,0,181,1,1.7,1,27.7,0,0
41,0,0,157,251,0,0,173,0,1.1,0,26.0,1,0
70,1,3,130,201,0,0,165,0,0.2,1,24.3,1,0
58,1,1,134,229,0,0,151,1,0.1,1,24.4,0,0
47,0,0,140,283,0,1,192,0,1.8,2,26.4,0,0
45,0,2,137,180,0,1,184,0,0.1,2,26.2,0,0
47,1,0,116,243,0,0,183,1,0.1,2,27.6,1,0
56,1,3,160,156,0,0,163,1,0.6,2,27.2,1,0
54,1,3,118,257,1,1,145,0,0.1,1,33.9,0,0
65,0,2,142,197,0,1,171,0,2.4,2,18.5,1,0
54,1,0,140,296,0,0,146,0,0.6,2,28.7,0,0
51,1,2,97,172,0,1,182,1,0.8,1,27.9,1,0
37,0,0,124,268,0,0,168,0,2.6,1,26.8,0,0
40,1,0,131,307,0,1,154,1,0.8,1,24.0,1,0
29,0,2,133,194,0,0,186,0,0.4,0,26.8,0,0
29,0,0,136,202,1,0,202,0,1.6,0,19.3,0,0
75,1,0,143,198,0,1,135,0,0.6,2,28.5,0,0
62,0,3,130,221,0,0,184,1,0.4,2,29.4,1,0
60,1,0,137,271,0,1,171,0,1.3,0,24.0,0,0
76,0,0,130,217,0,0,151,1,1.6,1,37.2,1,1
53,1,2,113,189,0,1,161,1,1.6,2,26.9,0,0
68,0,0,131,145,0,1,150,0,3.8,1,27.7,0,0
73,1,2,143,326,1,0,158,1,1.5,1,34.2,1,1
29,0,3,149,330,0,1,199,0,1.5,2,38.2,0,0
44,0,2,140,274,1,1,165,0,1.9,2,21.9,0,0
67,1,2,153,205,0,1,144,0,0.0,2,24.6,0,0
33,0,0,138,283,0,1,180,0,0.5,1,27.0,0,0
50,1,0,145,293,0,1,190,0,1.3,0,23.8,1,0
57,1,2,146,233,0,0,146,1,0.9,2,31.7,0,1
31,1,2,127,248,0,0,202,1,0.2,0,23.2,0,0
40,1,1,143,307,0,1,178,0,0.4,2,33.8,0,0
54,1,0,115,163,1,1,142,0,0.4,0,30.6,0,0
44,0,0,136,295,0,0,167,0,0.8,1,33.3,0,0
65,1,0,140,230,1,1,167,0,1.8,1,23.3,1,0
50,0,2,148,190,0,1,197,1,2.7,0,25.6,1,0
57,1,0,144,194,0,0,144,1,1.4,2,32.0,0,0
42,0,2,149,202,0,0,134,1,1.9,0,31.1,0,0
56,0,2,129,185,1,1,145,0,0.6,2,26.1,0,0
33,1,0,125,334,0,0,200,0,0.5,2,26.8,0,0
75,0,1,126,270,1,1,123,0,0.5,1,25.3,0,0
77,1,0,135,299,0,1,170,1,1.0,2,26.6,0,1
58,0,1,100,274,0,0,181,1,0.1,1,22.7,0,0
74,1,2,153,249,0,0,153,0,0.9,2,21.8,1,1
33,0,2,131,249,0,0,174,0,1.1,1,32.5,0,0
40,1,2,123,226,0,0,178,0,0.6,1,26.5,1,0
44,1,0,94,230,0,1,183,0,3.1,1,33.3,1,0
54,0,0,130,175,0,0,173,0,0.9,1,30.5,0,0
54,1,2,127,300,1,1,192,0,0.2,2,29.1,1,0
76,1,0,115,155,1,0,145,0,0.7,0,23.9,1,0
49,1,0,119,193,0,0,151,0,1.1,1,21.4,1,0
67,1,0,130,346,0,0,134,0,0.4,1,25.2,1,1
64,1,2,120,252,1,0,133,1,0.1,2,35.2,0,1
61,1,0,140,254,0,0,164,0,0.9,0,31.9,1,0
58,1,2,118,277,0,0,160,0,3.0,1,24.7,0,1
65,1,3,133,168,0,1,158,1,0.7,0,25.3,0,0
51,0,0,151,176,0,1,161,0,2.4,1,22.9,0,0
38,1,0,130,223,0,0,162,1,1.8,2,19.8,0,0
33,1,0,137,200,0,0,192,0,0.2,2,28.0,0,0
64,1,2,135,242,1,0,121,0,1.2,2,36.1,1,1
62,1,0,131,270,0,0,148,0,0.6,1,36.2,0,0
59,0,0,129,315,1,1,174,0,0.3,2,30.5,0,0
38,1,0,121,286,0,0,166,1,1.2,1,24.5,0,0
47,1,2,133,196,0,0,178,1,1.4,2,20.3,0,0
60,0,0,126,227,1,0,149,1,0.2,1,32.7,1,0
29,0,2,157,213,0,0,179,0,2.5,1,29.7,0,0
33,1,2,144,195,0,0,192,0,1.4,1,25.9,1,0
73,0,0,106,183,1,1,132,0,2.7,1,25.1,0,0
32,0,2,107,329,0,0,195,0,0.4,0,30.5,0,0
44,1,0,128,246,0,0,175,0,2.8,2,23.4,0,0
52,0,2,124,234,0,1,187,1,0.5,1,28.7,0,0
44,0,2,127,270,0,1,177,1,0.1,2,21.4,0,0
30,1,2,142,272,0,1,169,0,1.4,0,38.6,0,0
77,1,0,136,301,1,1,174,0,1.2,1,24.1,1,1
56,1,0,136,208,0,0,150,0,0.9,2,30.7,0,0
60,0,0,155,266,0,1,158,0,0.7,1,21.5,0,0
55,0,0,107,200,0,1,180,0,0.0,1,26.7,0,0
48,0,0,132,236,0,0,143,1,1.0,2,31.9,0,0
52,1,0,121,248,0,1,189,0,0.5,1,33.0,0,0
40,1,0,155,253,1,1,160,0,0.8,0,31.3,0,0
63,1,0,94,251,1,0,152,0,0.6,2,26.8,1,0
61,1,2,94,286,1,0,165,1,3.4,0,24.2,0,1
61,1,0,136,216,1,0,160,0,0.9,2,22.1,0,0
71,0,0,150,255,0,0,165,0,1.4,0,35.0,0,0
65,1,0,144,208,1,0,133,1,2.8,1,28.0,0,1
40,0,0,117,392,0,1,188,0,0.9,0,28.9,0,0
31,1,3,156,200,1,1,197,1,0.0,2,33.3,0,0
29,1,0,110,210,1,0,202,0,0.0,0,30.4,0,0
61,1,2,153,290,1,1,137,1,1.2,2,26.9,0,1
68,1,3,112,224,1,0,133,0,0.3,1,31.2,0,0
38,0,2,125,290,0,0,174,1,0.9,0,24.4,1,0
71,1,2,141,253,0,1,132,1,0.2,2,19.7,1,1
72,0,2,106,225,1,1,125,1,0.3,1,34.6,0,1
57,1,3,155,208,0,1,158,1,0.7,0,24.8,1,0
41,0,1,124,206,0,1,180,1,3.7,0,26.0,0,0
40,1,1,133,226,0,1,202,0,1.0,1,26.4,1,0
59,0,1,150,237,1,1,171,1,2.8,0,24.5,1,1
74,0,1,117,204,0,0,177,0,3.2,0,33.0,0,0
30,1,1,149,240,0,1,185,0,0.2,1,29.4,0,0
63,1,0,158,191,1,2,167,0,0.4,1,26.0,1,0
51,0,0,119,283,1,1,167,0,1.5,1,21.1,1,0
45,0,0,154,293,0,0,202,0,2.0,0,29.0,1,0
54,1,0,101,210,0,1,156,0,0.7,2,18.5,0,0
36,0,0,137,207,0,1,172,1,5.0,2,28.7,1,1
57,0,0,110,254,0,0,176,0,0.0,1,34.2,0,0
54,0,1,147,309,0,1,169,0,0.4,0,27.8,0,0
38,0,0,145,320,0,0,173,0,1.0,2,33.5,0,0
54,0,2,166,175,0,0,181,0,0.6,1,21.4,1,0
62,1,0,155,296,1,1,159,0,0.1,1,37.7,0,0
69,1,0,128,242,1,0,154,0,0.5,1,33.0,0,0
35,1,2,112,243,0,0,185,0,0.0,2,29.9,0,0
32,0,1,140,271,1,1,158,0,1.0,0,24.5,0,0
73,0,0,129,221,0,1,127,0,2.2,2,23.7,0,0
39,1,2,157,300,0,0,195,1,2.2,2,27.1,1,1
57,0,2,94,317,0,2,154,1,1.2,1,33.5,0,1
64,0,0,168,319,1,1,156,0,0.6,2,20.9,0,1
53,1,0,140,153,0,1,191,0,0.7,0,27.6,0,0
49,1,3,117,234,0,1,169,1,0.1,1,31.2,0,0
64,1,1,143,149,0,1,155,1,0.4,1,32.1,0,0
38,1,1,153,207,0,0,193,0,0.2,1,31.2,1,0
65,1,2,132,126,1,0,149,0,1.7,1,20.4,1,0
37,1,0,100,268,1,1,198,0,2.5,1,33.2,0,0
52,1,0,126,256,0,1,181,0,0.8,0,27.8,0,0
63,1,0,148,224,0,0,187,0,1.3,1,22.1,0,0
77,1,2,139,206,0,1,138,0,0.1,1,27.4,0,0
63,1,1,128,261,0,1,180,0,0.9,2,18.5,1,0
76,0,2,153,195,0,0,157,0,1.2,0,30.4,1,0
64,1,0,143,192,0,0,138,1,0.6,1,26.9,0,0
46,0,0,144,185,1,0,134,0,0.3,1,21.1,1,0
77,0,1,124,235,0,1,136,1,2.1,0,26.0,0,0
67,1,2,122,216,0,0,160,0,1.4,1,24.0,0,0
60,1,1,102,226,0,0,168,1,2.3,1,24.3,0,0
52,1,0,126,272,0,1,167,0,1.7,1,18.5,0,0
51,1,2,146,294,1,1,168,1,4.6,1,19.1,0,1
60,1,0,127,318,1,0,160,0,0.2,2,26.4,1,1
65,1,3,138,249,0,0,173,1,0.1,2,25.5,0,0
40,1,0,149,263,0,1,156,0,0.4,1,32.4,0,0
77,1,2,137,255,1,1,152,0,0.1,2,24.3,0,1
41,1,0,138,162,1,1,164,0,0.7,0,24.9,0,0
51,0,2,107,227,0,1,155,0,1.0,1,25.1,0,0
53,1,0,125,227,1,0,185,1,0.9,2,26.5,1,0
63,1,0,160,220,0,0,144,0,0.3,1,28.0,1,0
69,1,0,132,243,0,0,152,0,2.4,0,25.5,0,0
58,0,0,163,235,0,0,192,0,0.0,0,30.4,1,0
45,1,0,118,196,1,1,186,0,0.4,1,39.0,0,0
77,1,3,134,238,0,0,141,0,1.3,1,23.4,0,1
48,0,0,124,214,0,0,166,0,1.5,1,29.5,1,0
76,1,2,141,126,0,2,130,0,0.5,1,27.6,0,0
53,0,1,146,176,0,0,187,0,0.0,1,32.7,0,0
50,0,2,141,250,1,0,185,0,1.0,2,28.5,0,0
41,0,0,148,300,0,0,187,0,0.1,0,23.9,1,0
47,0,0,130,126,0,1,184,1,0.1,2,21.7,0,0
77,0,2,127,202,1,1,136,1,1.1,1,30.6,0,1
64,0,3,101,267,0,0,135,1,0.4,2,22.1,0,0
40,0,0,141,289,0,1,186,1,0.4,2,33.4,1,0
69,0,0,133,224,1,1,168,0,0.7,1,30.3,0,0
47,1,0,129,211,1,1,196,0,3.8,1,27.9,0,0
40,1,3,127,306,0,1,174,1,3.4,1,20.9,0,1
37,1,0,130,285,0,1,175,0,0.5,2,30.9,0,0
35,1,0,126,288,0,1,178,0,0.3,1,35.6,0,0
56,1,2,122,222,0,0,175,0,0.4,0,25.4,0,0
42,1,0,135,301,0,0,172,0,0.3,0,23.8,1,0
59,1,0,139,148,1,0,162,0,0.8,2,27.0,0,0
47,0,1,117,302,1,1,184,0,0.9,0,29.8,1,0
75,0,2,124,242,1,1,140,1,0.7,0,24.8,0,0
44,1,0,127,252,1,1,195,1,0.5,1,32.0,0,0
33,1,0,131,198,0,0,193,1,0.2,2,37.1,0,0
63,0,0,128,155,0,1,131,1,0.7,1,29.2,0,0
40,1,0,142,251,0,1,170,0,0.4,1,25.9,0,0
53,0,1,102,273,0,1,137,0,0.8,1,29.7,1,0
49,1,0,105,281,0,1,167,0,1.1,0,33.4,0,0
64,1,0,134,275,0,1,151,0,1.0,2,28.3,0,0
51,0,0,120,264,1,1,181,1,0.6,1,29.9,0,0
44,1,1,146,199,0,1,161,0,0.8,1,31.0,0,0
67,0,1,150,284,0,1,162,0,0.3,2,23.1,0,0
73,0,2,134,194,0,0,160,1,0.0,2,29.8,0,0
70,1,0,112,301,0,0,157,1,1.0,1,20.8,0,0
67,0,2,148,241,0,1,173,0,0.3,0,24.2,0,0
42,0,2,134,243,1,0,202,0,1.1,2,33.2,0,0
59,1,0,105,289,0,1,164,0,1.4,1,31.9,0,0
33,0,0,107,296,0,0,189,0,2.5,2,26.1,0,0
63,1,0,156,284,1,1,146,0,3.2,2,36.0,0,1
51,1,0,153,204,0,0,153,1,0.0,0,20.9,0,0
57,1,0,94,284,0,0,179,0,4.6,2,26.5,0,1
71,1,0,107,205,0,1,166,0,1.1,1,28.9,0,0
39,0,0,150,285,0,0,163,0,1.0,1,18.5,0,0
46,0,2,130,174,0,0,153,0,0.0,0,26.7,0,0
75,1,0,142,241,0,0,140,0,2.0,2,21.9,1,1
40,0,2,129,204,0,1,175,0,0.2,1,22.0,0,0
37,1,1,142,289,0,0,174,0,1.8,1,26.1,0,0
38,1,2,131,301,0,1,182,0,0.0,2,18.5,0,0
72,0,1,123,255,1,1,166,0,1.0,1,23.5,0,0
45,1,0,148,254,0,1,180,1,0.6,1,18.5,0,0
66,1,2,134,281,1,1,165,1,0.2,2,28.1,0,1
35,0,0,142,302,0,1,145,0,0.1,2,28.0,0,0
74,1,0,133,247,1,0,126,0,0.6,2,25.8,0,1
41,1,2,122,221,0,1,165,1,0.1,2,32.5,0,0
68,1,0,158,278,0,0,146,0,0.7,1,26.0,0,0
70,1,0,137,153,1,1,166,0,1.0,1,27.4,0,0
37,0,2,124,291,0,0,167,0,1.8,1,23.0,0,0
55,1,2,152,210,0,1,176,0,1.1,1,18.5,1,0
30,0,2,108,233,0,0,174,1,0.1,1,26.8,1,0
33,1,0,169,291,0,0,165,0,0.4,2,26.1,0,0
57,1,2,127,225,0,1,147,1,0.3,0,36.0,0,0
65,1,0,109,278,0,1,191,0,2.5,0,30.8,0,0
66,1,2,163,302,0,0,145,1,2.0,1,25.4,0,1
47,0,3,123,251,1,1,182,1,0.5,0,28.2,0,0
36,0,2,135,261,0,1,157,0,0.1,1,32.0,0,0
76,1,2,143,240,0,2,170,1,2.2,0,30.1,0,1
73,1,0,151,251,0,1,156,0,2.2,0,35.8,1,1
29,1,2,136,190,0,0,190,1,1.9,0,23.6,0,0
50,1,2,119,231,0,0,176,0,1.9,2,32.4,0,0
45,0,0,134,181,0,1,181,0,0.7,2,25.4,0,0
35,1,2,123,201,0,1,194,1,0.2,0,28.5,1,0
53,1,0,135,145,0,0,158,0,0.6,2,24.7,1,0
73,1,2,158,259,1,0,141,0,0.7,1,26.8,0,1
32,1,2,143,330,0,1,185,0,0.7,1,28.6,0,0
64,1,2,134,223,0,0,169,1,0.8,1,30.5,1,0
34,1,0,143,294,0,0,181,0,0.3,0,27.8,0,0
59,1,1,144,302,0,0,174,1,0.5,2,18.5,1,0
47,1,1,112,186,1,0,181,1,0.6,0,27.1,0,0
72,0,2,131,196,0,0,149,1,0.1,2,34.9,1,1
67,1,0,174,295,0,1,130,0,0.6,0,27.1,0,0
55,0,0,151,241,1,0,158,1,1.7,1,35.0,0,1
38,1,2,122,181,0,0,202,0,1.8,2,26.9,0,0
54,0,0,120,214,0,0,171,0,0.5,0,19.6,0,0
47,1,1,120,266,0,0,162,1,0.7,1,25.3,0,0
67,0,1,145,206,1,0,160,0,0.0,1,24.7,0,0
31,0,2,158,126,0,0,195,1,1.1,1,26.4,1,0
73,1,1,140,229,1,1,142,0,0.5,1,21.6,0,0
41,1,1,133,233,0,0,195,1,0.6,0,27.5,1,0
56,1,0,123,246,1,0,172,1,2.1,1,25.9,0,0
48,1,0,136,308,0,0,155,1,0.6,1,33.9,0,0
56,1,0,117,248,0,1,178,0,0.0,1,21.4,0,0
36,1,0,98,258,0,1,175,1,0.3,1,28.7,0,0
69,1,1,158,298,0,0,152,0,0.6,1,29.6,0,0
67,1,2,113,246,1,1,141,0,0.6,1,31.4,0,0
29,0,1,125,352,0,0,196,0,2.0,1,25.7,1,0
31,0,2,142,182,0,1,182,0,0.8,1,28.6,0,0
41,0,3,155,199,0,0,187,0,1.2,1,29.3,0,0
56,1,2,135,276,1,1,156,0,0.6,1,19.3,0,0
77,1,2,110,308,0,1,138,1,0.6,0,25.9,1,1
53,1,1,125,235,0,0,156,1,0.6,1,27.3,0,0
61,1,0,119,195,0,1,167,1,0.5,0,27.9,0,0
66,0,0,130,334,1,1,146,1,0.8,1,27.9,0,1
34,1,0,151,206,0,0,179,1,0.3,1,29.7,0,0
72,0,2,94,262,1,0,144,0,2.2,1,37.2,0,1
73,1,2,124,311,0,0,158,1,0.4,1,24.5,1,1
60,1,0,122,223,0,1,135,0,0.2,1,29.4,1,0
73,1,0,109,214,0,1,155,1,0.1,1,34.0,0,0
75,1,2,140,218,0,0,175,1,0.0,2,18.5,1,0
49,1,0,106,291,0,1,189,0,0.5,1,28.8,0,0
44,1,0,108,299,0,1,165,0,0.2,2,19.1,1,0
49,1,2,145,247,0,1,178,1,0.0,2,38.4,0,0
39,1,0,156,340,1,1,183,0,0.7,1,30.1,1,0
65,1,0,129,247,0,1,180,0,1.1,0,29.4,1,0
64,1,1,110,310,0,0,121,0,0.1,1,18.5,0,0
63,1,2,119,224,1,0,176,1,0.6,0,25.0,0,0
47,1,1,148,362,0,1,168,0,1.4,1,25.0,0,0
48,0,0,132,324,1,0,160,0,4.3,2,36.3,0,1
46,1,0,129,239,0,1,161,1,1.1,2,31.1,0,0
75,0,0,136,317,0,0,130,0,0.3,1,19.2,0,0
69,1,1,130,315,0,0,145,1,1.3,1,29.8,1,1
77,1,2,157,323,0,1,132,0,0.9,1,20.0,0,1
42,0,0,118,126,1,1,179,1,0.2,2,19.4,0,0
43,1,2,116,281,0,0,184,0,1.9,2,29.8,1,0
59,1,0,107,273,1,1,158,0,0.6,2,31.2,0,0
29,1,0,121,269,0,1,202,0,3.3,0,29.8,1,0
31,1,0,112,256,0,1,176,1,1.3,1,36.9,0,0
44,1,0,134,258,0,0,170,0,1.0,1,29.3,0,0
51,1,1,131,310,0,1,162,0,1.3,0,28.4,0,0
39,0,1,112,272,0,1,187,0,0.7,2,21.4,1,0
40,1,0,141,256,0,0,188,1,0.7,2,31.8,1,0
38,1,1,156,302,0,1,187,0,1.9,0,19.2,0,0
60,1,0,137,266,0,1,160,0,1.1,0,37.6,1,0
44,0,2,94,271,0,1,154,1,2.3,1,31.9,0,0
36,1,3,164,339,0,1,176,0,2.2,2,41.4,0,1
66,1,0,143,224,0,0,179,0,3.8,1,29.4,0,0
40,1,1,164,170,1,0,193,1,1.2,0,32.1,0,0
52,0,0,149,249,0,1,172,0,0.7,0,26.1,0,0
56,1,0,152,256,1,1,159,1,0.2,1,27.3,0,0
36,1,0,134,282,0,1,180,0,1.2,2,22.2,1,0
56,1,2,126,251,1,1,159,0,0.3,1,20.3,0,0
64,1,1,137,283,0,0,176,0,0.3,1,28.4,0,0
54,1,0,118,371,1,0,154,0,0.3,0,27.3,0,0
36,1,2,138,286,0,0,195,1,2.1,1,22.1,0,0
56,0,1,94,294,0,0,157,0,2.0,1,23.0,0,0
56,0,2,131,239,0,1,185,1,1.0,1,27.7,1,0
65,1,1,153,176,0,0,164,0,0.6,1,22.0,0,0
69,0,1,132,131,0,1,143,0,1.1,2,29.3,1,0
64,1,0,160,220,1,0,154,0,0.9,0,22.2,0,0
55,1,0,126,126,1,1,176,1,0.5,1,28.8,0,0
45,1,3,148,271,0,1,166,1,0.5,1,21.7,0,0
37,0,0,116,226,0,0,180,1,0.5,1,21.8,0,0
61,1,3,147,180,1,0,153,0,0.9,1,18.5,0,0
48,1,1,134,252,0,0,197,1,1.0,2,26.7,0,0
41,1,0,127,209,0,1,202,1,0.6,1,34.8,1,0
56,1,0,94,268,0,0,187,0,3.5,0,34.5,0,0
76,1,0,126,281,0,1,147,1,0.1,1,29.1,1,1
57,1,2,134,210,0,2,158,0,0.4,1,18.5,1,0
41,1,0,145,234,0,1,165,0,0.5,1,31.7,1,0
74,1,0,157,256,0,0,173,1,0.0,1,28.6,0,0
63,1,0,165,175,0,1,173,0,0.5,0,25.5,1,0
34,0,0,152,256,0,0,197,1,0.3,1,33.5,0,0
46,1,1,121,174,1,0,169,0,0.7,1,30.6,0,0
33,1,0,125,274,1,1,157,0,0.4,1,37.3,0,0
75,0,2,143,224,0,1,127,1,1.3,1,20.5,1,1
53,1,0,139,174,0,0,168,1,0.7,1,20.9,0,0
30,1,0,158,217,0,0,178,0,0.1,1,21.7,0,0
38,0,0,173,219,1,0,170,1,1.4,2,26.1,0,0
58,1,0,169,299,1,1,168,1,0.1,1,35.4,0,1
73,1,3,156,254,0,0,166,1,1.8,1,24.4,0,1
33,1,1,139,198,1,1,173,0,2.7,1,24.5,1,0
61,1,0,153,328,0,1,141,0,0.4,2,29.6,0,1
29,1,1,159,277,1,1,176,0,2.6,2,31.7,1,1
46,1,0,128,229,1,0,157,0,1.6,1,18.5,0,0
60,1,0,121,168,0,1,170,1,2.6,0,32.7,0,0
75,1,3,117,224,0,1,149,0,1.1,2,24.2,0,0
77,0,2,116,234,0,1,176,0,0.3,1,27.0,1,0
39,0,3,107,264,0,0,189,1,2.2,1,34.6,0,0
49,1,0,135,276,0,0,198,0,0.2,2,26.4,0,0
54,1,1,114,286,1,0,145,1,0.2,1,19.8,1,0
53,0,0,117,165,0,1,118,1,0.3,0,20.1,0,0
50,1,0,142,256,0,1,173,0,0.4,2,27.4,0,0
55,1,2,134,238,1,1,167,1,0.7,1,25.8,0,0
77,0,0,138,379,0,0,146,1,1.2,1,27.8,1,1
41,1,2,154,249,1,0,178,1,2.6,1,25.5,1,1
61,0,2,145,214,0,0,144,0,0.1,1,33.7,1,0
62,0,0,156,251,0,0,168,0,3.1,1,27.6,1,1
69,1,1,132,245,0,0,165,0,2.5,1,18.7,0,0
63,1,2,158,146,0,1,141,0,0.1,1,31.6,0,0
29,1,0,137,266,0,1,181,0,0.4,2,37.0,0,0
49,0,2,133,230,0,1,166,1,1.7,1,28.3,0,0
76,0,1,155,244,0,0,139,0,0.9,2,28.7,1,1
34,0,0,116,202,0,0,165,0,1.5,2,23.6,0,0
56,1,1,165,191,0,0,165,1,1.3,1,26.3,0,0
45,0,3,126,289,0,1,177,1,0.7,1,30.0,0,0
33,0,0,110,301,1,0,174,0,0.0,2,33.2,1,0
59,1,2,142,266,1,1,146,0,0.9,1,29.7,0,1
33,0,0,124,155,0,0,189,0,0.0,0,36.6,0,0
66,0,2,165,270,0,1,145,1,0.9,1,28.0,0,1
31,0,2,123,156,0,1,180,0,1.6,2,21.9,1,0
51,1,0,136,212,0,0,162,0,0.9,0,22.0,1,0
65,1,0,106,289,0,1,176,0,5.8,0,33.7,0,1
65,1,2,144,278,0,0,147,0,0.6,1,32.5,0,1
38,1,0,117,268,0,1,202,0,1.4,2,19.3,1,0
38,1,2,142,311,1,0,190,0,1.1,1,26.5,0,0
47,0,0,123,274,0,0,199,0,4.8,1,26.6,0,0
45,0,2,96,145,0,1,183,0,1.2,0,23.7,0,0
49,0,2,133,227,0,1,167,0,0.2,1,20.4,0,0
42,1,2,132,243,0,0,162,0,3.1,0,23.6,0,0
37,1,0,145,238,0,1,175,0,1.1,1,22.7,0,0
74,1,1,157,215,0,0,173,0,0.1,1,20.6,0,0
29,0,1,163,194,0,0,186,0,1.1,2,31.6,1,0
73,0,0,145,366,0,1,161,0,2.1,1,28.9,1,1
41,0,0,135,226,1,0,180,0,0.9,1,25.2,0,0
32,1,0,106,363,0,0,188,0,0.4,2,18.5,0,0
29,0,2,134,188,0,1,191,0,1.7,1,26.0,0,0
77,0,1,134,278,0,0,155,0,1.5,1,30.1,0,0
68,1,0,127,257,0,1,143,1,0.8,2,23.8,1,1
60,0,2,141,199,1,0,157,1,0.2,1,21.8,0,0
62,1,0,150,222,1,0,165,1,0.3,1,26.9,0,0
56,1,0,117,245,0,0,167,1,1.3,1,29.2,0,0
59,1,3,116,203,0,1,155,0,1.6,0,18.5,1,0
36,1,3,128,233,0,1,187,1,0.3,0,34.3,0,0
67,1,1,120,127,0,0,144,1,0.5,2,21.3,0,0
54,1,0,103,281,0,0,148,1,0.1,1,25.4,0,0
62,1,2,114,307,0,1,164,1,1.2,1,33.4,0,1
31,1,1,110,268,0,0,167,0,0.0,1,28.1,0,0
40,1,0,151,359,0,1,182,0,0.0,2,33.0,0,0
29,1,1,159,280,0,0,157,0,0.0,2,35.3,0,0
72,1,1,112,303,0,1,141,1,1.0,1,20.2,0,1
33,1,1,140,307,1,0,178,1,0.5,2,32.0,0,0
58,1,0,145,126,0,1,139,0,0.4,2,34.1,0,0
58,1,1,105,267,0,1,158,0,2.4,1,25.6,1,0
45,1,2,133,176,0,0,191,0,0.2,0,26.0,1,0
76,1,0,174,186,1,0,130,0,0.5,0,18.5,0,0
75,0,2,142,195,0,1,144,1,2.8,2,31.4,0,1
51,1,2,126,230,1,1,194,1,0.6,2,18.5,0,0
43,1,0,121,278,1,0,159,0,0.8,1,32.3,1,0
65,0,0,96,267,0,0,178,0,0.1,0,20.4,1,0
49,0,1,138,245,0,1,166,1,1.6,1,34.5,1,0
42,0,1,164,282,0,0,177,1,0.5,2,29.5,0,0
30,0,2,117,285,0,1,202,0,1.6,2,32.5,0,0
39,1,0,98,268,1,0,171,0,0.3,0,23.4,0,0
67,1,3,119,159,0,1,165,0,0.5,1,20.8,1,0
66,1,0,145,209,0,1,170,0,1.5,0,18.7,0,0
62,1,0,123,247,0,2,150,1,3.6,2,33.0,0,1
66,1,1,117,282,0,0,145,0,0.1,1,30.8,1,0
62,1,0,131,179,0,1,156,0,1.7,0,31.0,0,0
46,1,0,134,245,0,0,170,1,0.4,2,29.0,1,0
58,0,0,107,167,1,1,147,0,0.8,0,30.2,0,0
43,0,0,127,297,0,1,165,0,0.3,2,26.0,0,0
55,1,0,122,258,0,0,113,0,1.0,1,29.4,0,0
62,0,3,120,178,1,1,155,0,0.4,1,23.2,1,0
66,1,0,113,178,0,0,170,0,0.4,2,25.8,1,0
61,0,2,147,265,0,1,136,1,0.0,1,42.7,0,1
52,1,2,120,314,0,1,161,1,0.2,1,27.7,0,0
43,0,2,97,191,1,1,202,0,2.5,1,18.5,0,0
58,0,0,135,285,1,0,163,1,6.2,0,25.5,0,1
70,1,2,143,218,0,0,174,1,1.5,1,22.2,0,0
45,1,1,117,287,0,1,158,0,0.3,2,28.3,0,0
33,1,1,121,280,0,0,190,0,0.5,2,23.1,0,0
57,1,1,119,253,0,0,146,0,1.3,2,26.4,0,0
32,1,2,125,154,0,0,190,0,3.5,1,23.8,0,0
38,1,0,149,280,0,0,192,0,0.6,2,28.5,1,0
45,1,2,129,271,0,1,183,1,1.8,2,24.4,1,1
38,0,1,145,266,0,0,174,1,3.7,1,29.3,1,1
45,0,2,114,255,0,1,178,0,2.1,0,37.2,0,0
48,1,3,124,202,1,0,175,0,0.3,1,21.7,0,0
52,1,0,147,300,0,0,178,0,0.0,2,31.1,0,0
33,1,3,117,290,0,0,181,1,0.7,1,18.5,0,0
62,0,0,148,192,0,0,174,0,0.8,2,26.3,0,0
34,1,0,120,311,0,0,202,0,0.2,0,28.6,0,0
30,0,0,125,252,0,1,181,0,0.3,2,23.8,1,0
41,0,0,159,252,0,0,177,0,1.4,1,18.6,0,0
71,1,1,123,237,0,0,139,1,0.6,1,27.3,0,0
71,1,0,133,242,0,0,158,0,0.4,0,35.2,0,0
76,0,0,141,314,0,0,154,0,1.0,0,26.8,1,0
39,0,3,134,297,0,1,179,0,1.1,2,30.3,0,0
75,1,2,135,296,0,1,152,1,1.5,2,33.1,0,1
51,1,2,130,255,1,0,198,0,0.2,1,39.9,0,0
44,0,2,108,290,0,0,131,1,1.4,0,22.2,0,0
59,1,2,136,204,1,2,155,1,0.9,1,22.8,0,0
39,0,0,118,275,0,0,173,0,0.1,0,26.0,1,0
44,1,0,144,238,0,1,196,0,1.5,0,30.6,1,0
36,1,2,154,143,0,0,188,1,0.5,2,18.5,0,0
32,0,0,100,166,0,1,191,1,0.4,2,30.8,1,0
68,1,2,154,212,0,1,174,0,0.6,0,28.2,0,0
32,1,0,124,266,1,1,181,0,0.4,1,24.8,0,0
53,1,0,128,212,0,0,177,1,0.4,1,29.6,0,0
31,1,1,115,216,0,0,177,0,1.7,0,31.9,1,0
60,1,1,134,284,0,0,146,1,0.1,1,32.6,0,0
31,1,1,132,218,0,0,202,0,3.5,1,27.6,0,0
55,1,2,149,312,1,0,171,0,0.8,0,29.1,0,0
57,0,0,118,304,0,0,174,1,0.2,1,28.9,0,0
60,1,0,159,247,0,1,145,0,0.1,0,33.7,0,0
47,1,2,142,283,0,1,180,0,0.9,1,29.4,1,0
49,1,2,132,276,1,0,197,0,1.0,0,30.7,0,0
33,0,0,127,233,0,0,179,0,0.1,2,32.0,0,0
46,0,2,125,289,0,2,154,0,0.3,2,37.3,0,0
56,1,0,126,296,0,0,167,1,1.6,2,24.6,0,0
70,1,0,133,198,0,1,138,1,0.1,1,35.6,0,0
50,1,0,127,253,0,0,146,1,1.9,1,39.9,0,1
49,0,2,120,253,0,0,159,0,1.1,1,24.9,0,0
34,0,2,133,288,0,0,175,0,0.6,0,26.4,0,0
29,0,0,116,223,0,0,171,0,0.4,2,25.4,0,0
33,0,2,136,216,0,1,202,1,0.0,1,30.8,1,0
69,0,0,127,254,0,1,183,0,1.7,1,18.5,1,0
40,1,0,142,305,0,0,187,0,0.2,1,25.0,1,0
54,1,0,147,186,1,1,172,0,0.4,1,26.1,1,0
74,1,0,147,194,0,0,148,1,0.8,2,25.7,0,0
62,1,0,136,219,0,2,146,1,0.3,1,25.6,0,0
77,0,1,138,228,1,2,172,0,0.7,1,25.1,1,0
42,1,2,125,157,0,0,175,0,1.7,1,31.4,1,0
54,1,1,142,320,0,0,159,1,0.6,2,30.2,0,1
73,1,0,144,239,0,0,166,0,3.0,1,36.0,0,1
55,1,0,104,231,0,1,164,1,1.9,1,31.4,0,0
37,1,0,137,327,1,1,195,0,0.4,0,22.0,0,0
54,1,0,154,281,1,1,160,0,0.5,2,26.6,0,0
75,1,2,124,219,0,1,165,1,0.6,1,26.1,0,0
50,1,0,121,254,0,0,184,0,1.0,1,28.8,0,0
75,1,2,123,243,0,0,169,1,0.3,2,33.0,1,1
58,1,2,105,318,1,1,152,1,3.5,2,28.4,0,1
71,1,0,133,237,1,0,151,0,0.9,1,28.4,1,0
76,1,2,131,173,0,1,178,1,0.5,2,27.6,0,0
45,1,1,134,152,0,0,170,1,1.0,0,31.6,0,0
54,0,1,138,319,0,0,178,1,0.5,2,24.7,0,0
64,1,1,117,206,1,0,193,1,1.7,1,20.2,1,0
29,1,0,135,279,0,1,159,0,0.8,1,30.7,0,0
36,0,0,138,249,0,0,177,1,0.0,2,29.4,0,0
77,1,0,122,225,1,1,148,0,0.2,2,34.1,1,0
63,1,0,138,233,1,1,132,1,2.0,1,18.5,0,1
43,0,1,132,325,0,1,168,0,0.8,2,27.0,1,0
75,1,0,120,173,0,1,135,1,3.0,0,28.0,0,0
50,1,2,135,226,0,0,182,1,0.1,2,19.9,0,0
42,0,2,126,291,0,1,150,1,0.3,1,27.1,0,0
54,0,0,142,181,0,0,195,0,0.2,0,33.4,0,0
56,1,0,126,311,1,0,175,0,0.8,1,37.9,0,0
51,1,2,109,290,0,0,153,0,0.5,1,32.4,0,0
42,1,2,135,259,0,1,191,1,0.2,1,25.9,0,0
52,1,2,134,220,1,1,177,0,1.0,1,33.8,0,0
30,1,0,112,175,0,1,185,1,0.8,1,32.1,0,0
73,1,0,143,281,1,1,140,1,0.3,2,25.1,0,1
54,1,0,142,383,0,1,175,0,0.7,1,24.6,0,0
42,1,0,116,253,0,0,178,0,1.4,1,26.7,0,0
35,0,2,119,154,0,1,171,0,0.2,1,22.2,0,0
31,0,2,128,268,0,0,165,1,0.3,0,25.9,1,0
75,1,1,118,289,1,2,137,0,0.4,1,29.9,0,0
51,1,2,141,200,0,1,161,0,1.4,1,32.7,0,0
74,1,1,133,213,0,1,168,0,1.9,1,25.6,0,0
71,1,0,112,208,0,1,166,1,0.5,1,34.4,0,0
75,0,0,117,219,0,0,143,1,0.4,1,30.8,1,0
73,1,3,151,237,0,1,145,0,2.2,1,31.0,0,1
46,1,0,157,202,1,0,188,0,6.2,2,22.9,0,1
66,1,3,140,184,0,1,161,1,1.1,0,36.5,0,0
63,1,2,127,254,1,1,163,0,4.6,2,30.3,0,1
43,1,0,123,236,1,1,165,1,1.1,1,25.8,1,0
53,1,1,140,224,0,1,165,0,1.3,2,25.0,0,0
65,0,2,132,250,0,0,158,0,0.5,1,25.9,1,0
56,1,1,103,169,1,0,163,1,0.6,1,22.4,0,0
38,1,2,148,259,0,1,190,1,0.2,2,32.4,1,0
67,1,3,153,225,1,0,167,1,1.7,0,22.9,1,1
45,1,0,143,257,0,0,160,0,2.7,0,28.9,1,0
67,0,0,112,265,0,1,148,0,1.0,1,25.3,0,0
50,1,3,120,302,0,1,159,1,0.4,2,30.9,0,1
54,0,2,99,251,1,1,187,0,0.2,1,31.5,1,0
72,1,0,158,299,0,0,186,1,0.3,1,24.3,1,0
53,1,0,124,229,0,1,160,0,0.3,2,27.3,0,0
45,1,1,170,232,0,0,171,0,1.0,1,20.3,0,0
41,0,3,164,241,0,1,189,1,2.9,2,36.0,1,1
48,1,2,115,284,0,0,160,1,0.0,1,32.8,0,0
53,1,2,118,277,1,1,180,0,0.0,2,20.5,0,0
32,0,0,138,252,0,1,184,0,0.9,1,23.2,1,0
38,1,0,101,184,0,0,153,0,0.3,1,26.8,0,0
31,1,2,123,276,1,1,165,0,2.1,1,27.7,0,0
69,1,0,121,202,0,1,149,1,0.4,1,24.1,1,0
73,0,0,162,200,1,0,169,1,0.3,1,21.8,0,0
46,1,0,133,189,0,1,159,0,0.3,1,29.5,0,0
75,0,2,126,241,0,0,141,0,0.2,1,36.2,1,0
64,0,3,120,306,0,1,161,1,0.9,1,27.8,1,1
75,1,0,146,197,0,1,124,0,0.2,1,26.0,1,0
50,0,0,122,329,0,0,174,1,0.6,0,25.5,0,0
62,1,1,130,291,0,1,137,0,0.6,1,22.0,1,0
75,1,3,120,172,1,0,158,1,0.0,1,24.1,0,0
36,0,0,105,226,0,0,169,0,0.0,1,33.2,1,0
68,0,1,114,193,1,1,141,1,0.7,1,18.5,0,0
77,1,0,122,279,0,1,152,1,1.2,2,27.9,0,1
72,1,2,126,196,0,0,164,0,2.8,1,27.6,0,0
47,1,0,127,164,0,0,178,0,0.2,1,28.1,0,0
70,1,0,129,229,0,0,157,1,0.1,1,31.1,0,0
69,1,1,122,304,0,2,158,0,0.1,2,27.8,0,0
65,1,2,153,236,0,0,163,1,0.6,1,25.2,0,0
34,1,0,147,265,1,0,189,0,1.0,2,24.2,0,0
54,1,2,128,267,0,0,160,1,1.8,0,34.0,0,1
62,1,0,135,170,1,0,170,1,1.1,2,32.7,1,0
73,1,1,124,201,1,0,139,1,0.2,1,41.9,1,1
34,1,0,94,246,0,0,199,0,0.6,1,26.1,0,0
65,0,2,131,218,1,0,169,0,2.4,1,24.3,0,0
61,1,0,136,331,0,0,193,0,0.4,2,29.8,0,0
50,0,2,103,184,1,1,177,1,0.7,2,29.6,0,0
49,0,2,139,200,1,0,184,1,3.2,1,30.7,1,1
34,1,1,126,260,0,1,159,0,1.3,0,31.7,0,0
34,0,2,136,214,0,1,196,0,1.4,1,30.6,1,0
76,1,2,126,126,1,1,166,1,0.3,1,32.9,1,0
32,1,0,152,342,0,1,202,1,0.5,0,33.5,0,0
58,1,0,134,192,1,0,165,0,0.1,1,33.6,0,0
39,1,3,148,274,0,0,173,1,0.9,2,18.5,0,0
58,1,0,149,183,1,0,147,1,0.1,1,28.7,0,0
59,1,2,111,202,0,0,147,1,1.8,1,22.9,1,0
52,1,3,118,164,0,1,168,1,1.7,1,32.8,0,0
37,0,0,138,208,1,1,154,0,0.8,2,18.5,0,0
31,1,2,124,213,0,1,173,0,0.2,2,34.8,0,0
59,0,0,126,239,0,0,164,1,0.0,1,23.2,0,0
68,1,1,152,227,1,1,156,0,1.6,2,22.0,1,1
